Fresh,Milk,Grocery,Frozen,Detergents_Paper,Delicassen
0.052873004241532934,0.5229724714080793,-0.041068145390135716,-0.5886970394062951,-0.04351919381880233,-0.06626362934428195
-0.39085705606364607,0.5438386136603491,0.17012470020402815,-0.26982903450731716,0.08630859492002818,0.08904968502310939
-0.44652098379971983,0.4080731945903861,-0.0281250860936324,-0.13737933996594587,0.13308015693740977,2.2407419032453255
0.0999975794271863,-0.6233104081646624,-0.39253008075859974,0.6863630060230804,-0.4980213233778423,0.09330484432084614
0.8392841196719161,-0.052336879261644244,-0.07926595453347478,0.17366115576884525,-0.23165413161966011,1.2978695221884908
-0.20457266153780826,0.33368675240534645,-0.29729862821115666,-0.4955908777691258,-0.22787884858686697,-0.02619421262392757
0.009939037251919218,-0.3519150644549459,-0.10273182626615965,-0.5339044752569875,0.05421868914128655,-0.3474587396030521
-0.3495835187366141,-0.1138513505767772,0.15518230654465034,-0.28898583325124805,0.09218125741548416,0.36918100545744537
-0.4773575346762379,-0.29107806529086067,-0.18512544764146124,-0.5452337648367316,-0.2444481463419035,-0.27476643493338265
-0.4739576072719039,0.717677967619194,1.1501142223856167,-0.39403924571796556,0.9529457888923185,0.20322979284571216
-0.6826973362821805,-0.053285340273111055,0.5285316917803721,0.27356489115386096,0.6492452426987375,0.07770259356247805
0.09058847800588973,-0.6330660071397496,-0.3607511872013315,-0.34027661698499834,-0.48921232963465827,-0.3644793767939991
1.5587245720448353,0.8837941390560949,0.40046906443204244,-0.5736599823277257,0.20963450732460384,0.4986087674302715
0.7287469449914741,0.05578767604557183,0.7398297654988977,0.004751747489024913,0.8023539434731257,-0.3272467329388026
1.000424865021516,0.4970930352380565,0.4356152579688889,-0.5722180727448491,0.45649607008002147,0.22805155541584318
-0.1381554750345384,-0.6344209514418451,-0.434621330503326,-0.5510014031682376,-0.40217108193414997,-0.3946200884863011
-0.8681910500163127,0.4091571500320625,0.43877210169974334,-0.605176006067741,0.3411401996335646,-0.15774955424562206
-0.48423645756407663,0.04887746010488509,-0.5280639049366183,-0.4599551123637491,-0.5267554220163233,1.0471697202301673
0.5219048498812909,0.07191151324050755,0.22600083424015224,-0.17857675661956057,-0.02401356481603781,0.5872579194664538
-0.3336908348233316,-0.44730314332246485,0.15918097527039934,-0.4949729165193216,-0.07623831343634281,-0.3630609903614202
0.4384880263563508,-0.17306241657834792,-0.35243816537674805,-0.4131960444618964,-0.13056044151931068,0.2124493046574751
-0.5086684940277795,-0.6673460979827642,-0.625189463722574,0.06407602747023011,-0.5257067322849919,-0.3389484210075786
1.5240927533681303,-0.5256189239835812,-0.3664335059168695,1.3051482041603735,-0.10497241207482388,0.9961078086573263
1.136421961194878,4.149751884826943,1.480320076632994,0.4288791519379884,0.3052750108220299,5.318285865333429
0.841814298205374,0.5392318030332247,0.6146082975083372,-0.03232592749922833,0.33568701303064125,1.5081453108183152
0.32929500902180836,-0.21222030690890611,-0.03749038916183399,-0.5913748714887801,0.23522253676909063,-0.52050188437768
-0.16622464314008698,-0.6551515992639053,-0.535640329890669,0.016287024152037033,-0.5536018791384079,-0.24533491645737016
0.17993540746862177,-0.6765597192370132,-0.5162783550080949,-0.5328745398406471,-0.5833846675082203,-0.3570328480229598
-0.6236334811417727,1.9901061617170213,1.8947084303698236,-0.39424523280123364,1.2002268275402688,1.30531605095953
2.458044904530777,-0.5008234432552348,-0.5621578172298465,-0.38559377530397454,-0.37217855561807117,-0.24888088253881743
0.5388254188237906,-0.29622685363882334,0.3320707835968623,-0.39630510363391436,-0.15677768480259632,0.5099558588909028
-0.7423146679767822,-0.1974514140160658,-0.5070182800642551,-0.2026772453619252,-0.432373346196495,-0.19143623201937132
0.7615601978472563,-0.6067800876790981,-0.5330096267816236,-0.5779857110763552,-0.41181902746239907,-0.3971022647433142
1.401774434891275,-0.13688540371239968,-0.06579675461516238,0.6299225452076282,-0.5286430635327198,-0.15668576442118787
-0.8300802358561031,-0.5172182693105896,-0.5986719763833965,-0.5452337648367316,-0.503055034088233,-0.4006482308247615
-0.8944416523009384,-0.04136183041467118,0.3303871336070733,-0.46119103486335755,0.28472069208793394,-0.3861097698908276
1.4196438207838213,-0.1943350421212463,-0.26551973465388834,-0.2766266082551636,-0.42356435245331103,1.0996500182355873
0.2504641340887607,0.6449174585966689,0.4762333139725497,-0.23728307535096155,0.7601966162736024,-0.2875319128265929
-0.5858389392982454,1.3458301460706399,0.9215587362717532,-0.6259807014778164,0.8545786920934307,-0.3871735597152618
3.491543767369158,-0.7101623379289801,-0.7417822255154657,1.4275045316216093,-0.5598940175263963,0.49328981830810054
0.9507701113024047,-0.19839987502753262,-0.3361278061006666,1.326158886653717,-0.3642085136599523,1.5386406191187618
0.5673689954043625,-0.3700713181030248,-0.20995928499084973,-0.21400653494166924,-0.06428325049916456,0.45286580497960144
-0.0909518317697145,0.23829867353782755,0.7376199748872996,-0.594052703571265,0.8426236291562524,-0.5244024470672719
-0.8990276008928308,0.7179489564796131,1.688566534745027,-0.4706664406936889,1.3942344278365826,-0.515182935255509
-0.1842521651909745,0.16675761438718834,0.2651456965027476,-0.521339263177635,0.364211373722856,-0.5176651115125221
-0.5391887725876153,2.20147747284391,1.428968751944428,-0.2743607503392148,0.937844656761146,1.226950200559545
-0.7034922411040376,1.1209093919227968,1.4735854766738379,-0.28919182033451607,0.8201816689057599,-0.02583961601578284
2.567000717627808,6.566430542044369,5.01093410522063,0.9702132067664858,4.46521743706753,1.751753180613744
-0.038055286804610296,0.04819998795383737,0.3069212618743884,-0.5124818185971078,0.4697095606947974,-0.017329297420309343
-0.556109341530115,2.115844992951478,2.206604590978245,-0.2624134995096665,2.2445120620001027,-0.12831803576960954
-0.4531627024500468,-0.6369953456158264,-0.6283463074534285,0.1623318661891012,-0.47662805285868115,0.22592397576697482
-0.6841996297864211,-0.23647380991641448,-0.10052203565456153,-0.5835473623245933,-0.28178150077730224,-0.433980311990366
2.2708907611340634,-0.2547655579947029,-0.21837753493979498,-0.5231931469270477,-0.06176639514396914,-0.0875394258329657
-0.9100180638975386,0.6336714208892767,0.376792736450634,-0.4795238852742161,0.5724811543652771,-0.4612842508175102
1.2120110448819328,-0.5890303173216479,-0.6318188355573684,-0.13099374038463557,-0.5615719210965266,-0.06803661238500561
-0.532626122016459,-0.28633576023352664,-0.31003123125893634,-0.41504992821130904,-0.17984885889188768,-0.1400197238383856
-0.6248195023293311,3.264837761128411,1.990360795414714,-0.09391606539638234,3.11639270462905,-0.0655544361279925
-0.5205287059033633,0.560504428576123,0.2668293464925367,-0.624950766061476,0.9837772669934625,-0.08612103940038679
0.1406385721208538,-0.5184377191824755,-0.6632820447415513,-0.510009973597891,-0.556747948332402,-0.3861097698908276
-0.46359968890056064,-0.05911160077212144,0.009336126179173947,-0.6062059414840814,0.04247336415037458,0.027704471814071253
-0.2696456906951786,-0.3727812067072157,-0.010236304952123751,-0.6130035152319278,0.25451842782558887,-0.46092965420936544
1.8930244107779601,4.413424046014716,5.4346877620256615,0.03750369372864861,4.995854441121231,0.1745074675859891
-0.3302909074189976,0.06080096996332496,-0.14808514786610216,0.22289206866991484,0.25011393095399687,-0.19888276079041065
-0.20591681888370778,0.7865091381656424,0.8232756681178175,-0.03623968208132173,1.0057997513514223,-0.0815112834945053
-0.5724764339184208,-0.6191100808281667,-0.4947065895139227,0.1343176228646432,-0.34281524314079126,-0.13470077471621467
-0.9421197040407857,2.054466016066555,3.9856964895634612,-0.6253627402280122,4.4778017138435064,-0.03612291765197998
-0.9481288780577483,-0.5775132907538366,-0.05622099529823716,-0.59673053565375,0.12301273551662809,-0.5311397826220218
0.6256421697530647,0.13044510709103055,0.579883016468938,-0.3740584986409624,0.47390431962012314,-0.24498031984922541
-0.7554399691190952,0.19832781662601207,-0.41652209311309374,0.5763659035579292,-0.4390849604770161,0.5567626111660071
-0.2884638935377717,-0.4032674535043631,-0.7006380288899958,-0.4723143373598335,-0.4667703693841658,-0.4896519794690885
0.3719917717739104,-0.509359592358436,-0.4997575394832898,1.5595422519964444,-0.5800288603679598,-0.05668952092437427
0.4973937453384175,-0.6138257980499944,1.3775121991315002,0.47399032317369655,0.2708779876343591,4.59100822202859
-0.599359580836411,-0.08905586984843065,-0.5566859547630321,1.194739127528686,-0.3272946351170861,-0.4765319049677335
0.6245352166446769,-0.06290544481798867,0.08015465387467584,1.0423086859103117,-0.44411867118740694,-0.310935288964145
-0.3012729223634023,0.07407942412386026,0.1939062563097985,-0.36808487322618827,-0.20564662628264074,0.0904680714556883
0.663990188150786,-0.6313045795470256,-0.8363823093167378,0.27500680073673744,-0.60372924829605,-0.19498219810081863
-0.8921486780049922,-0.2993432255336429,-0.14934788535844395,0.9183044617829312,-0.493407088559984,-0.22370452336054167
0.016185415506393405,0.9350110336753026,2.166512675596393,-0.45377549986570687,1.9196279832336267,-0.18292591342389783
-0.09759355042004147,-0.6261557911990628,-0.6191914606339506,-0.2010293486957806,-0.541227340308697,-0.4814962574817597
-0.819168840930566,-0.3437853986423733,-0.4520891991473874,-0.45398148694897494,-0.3522534507227741,0.04543430222130771
-0.3949685961805151,-0.6730368640515652,-0.5200665674851203,-0.5442038294203912,-0.4764183149124149,-0.35313228533336777
-0.9315245814319307,0.5072551175037723,0.6789026814934065,-0.5744839306607981,1.0353728017749686,-0.4853968201713518
-0.12953705440494745,0.46552283299923275,0.3217584274094044,-0.4809657948570926,0.13748465380900177,0.2897513652330261
0.7016265938359723,-0.5735839522777598,-0.6490762479527061,-0.1548882420437321,-0.489002591688392,-0.2669653095541986
-0.01053959525325565,-0.3345717773881243,-0.33012980301204314,-0.39012549113587214,0.2004060376888873,-0.49816229806456197
0.3254997412216215,5.474074445695026,8.926367384599427,-0.42143552779261934,7.958612670078775,0.503218523336153
0.8637952242147895,9.173207884845784,2.542597992065522,-0.4294690240400742,3.6050821194294937,-0.2205131538872391
2.472039954543966,-0.10450223489231866,0.017438691755033747,0.6674121943624176,-0.27318224498038457,4.548102032443078
-0.32704911617300464,-0.7119237655217042,-0.41136591501936476,1.3725059803890336,-0.5697517010009118,-0.5244024470672719
1.0202709528933265,-0.26560511241146645,-0.2758320908413463,0.07643525246631452,-0.5091374345299554,0.5861941296420196
-0.04706904783005406,-0.7046070662903888,-0.6643343259851694,0.056660492472579455,-0.5898865438424752,-0.413059112109827
0.05959379097103048,-0.41112613045651664,-0.57047083905443,1.1578674396237008,-0.47285276982588803,-0.1446294797442671
-0.22157229855947852,2.936941240021315,2.534179742116577,0.03297197789675099,3.3609471499755386,1.2783667087405306
-0.05426424303457496,-0.3666839573477862,-0.6197176012557596,6.578623522906326,-0.5894670679499426,0.4159877577325496
-0.5040034773567165,0.8703801904653501,0.3548000584590145,-0.5903449360724397,0.4523013111546958,-0.45419231865461557
-0.9486032865327716,-0.3897180104834087,-0.1788117601797523,-0.5421439585877105,-0.5575869001174673,-0.28930489586731656
-0.9470219249493604,-0.43090831726711004,0.01754391987939556,-0.6029101481517921,0.20816634170073986,-0.46376642707452326
-0.9169760548645478,-0.7509461614220528,-0.7725088378291158,-0.47334427277617386,-0.5930326130364695,-0.5183743047288115
-0.9090692469474919,-0.7701863705118082,-0.7548305129363309,-0.44841983570073696,-0.5926131371439368,-0.49390713876682524
-0.1852009821410212,-0.4897128999780521,-0.6358175042831173,0.5287828873230042,-0.5592648036875976,-0.426179186611182
-0.03212518086681835,0.26864942590476537,0.4411923485600651,0.03709171956211247,1.0808859361147525,0.533359235028455
-0.836563818348089,0.6793330438698931,0.8750479053038307,-0.3046408515796216,0.8147284823028366,0.1110346747280826
-0.7170128826422033,0.08979677802816736,-0.02886168296416511,-0.10524535497612639,0.3547731661408732,-0.04924299215333496
3.485455525273025,-0.31058926324103503,0.10046368187650624,3.080756861931168,-0.2939463016607468,0.34506843610360377
0.16601942553460333,-0.4964876214885293,-0.47418710526336866,-0.35757953197951653,-0.2916391842518177,-0.34639494977861796
0.2835936592612251,-0.6479703944627995,-0.41894233997341546,-0.44533002945171585,-0.5752048876038351,-0.05207976501849279
-0.83387550365629,0.073266457542603,0.28966384947905066,-0.605381993151009,0.8281517108638787,0.10855249847106949
-0.2532785983068728,0.6571119573155279,0.7297278655601634,-0.123784192470253,1.2767811779274627,-0.03080396852980905
-0.8277872615601569,0.3523849837742635,-0.10210045751998875,-0.5818994656584486,-0.07896490673780453,-0.10243248337504432
-0.8376707714564768,1.4813245762801839,2.213444419061763,-0.4941489681862493,-0.42901753905623446,-0.5396501012174953
-0.014413931132613057,-0.5620669257099487,-0.6584415510209077,-0.16395167370752736,-0.5689127492158467,0.04330672257243933
0.04575687711618259,0.7205233506535945,1.0120549232229146,-0.4669586731948636,0.7499194569065544,-0.0020816432700859907
0.5570901451121898,-0.4100421750148403,-0.5768897546405006,1.1908253729465925,-0.503055034088233,0.4195337238139969
0.1927444362942524,-0.47440202936437365,-0.6543376541707969,0.030500132897534112,-0.48166176356907203,0.012811414271992632
0.47786392978328934,-0.6390277620689696,-0.6262417449661922,-0.10648127747573483,-0.5796093844754272,-0.09179458513070245
-0.06849649728527564,-0.6779146635391087,-0.5222763580967184,-0.07352334415284305,-0.5464707889653542,-0.32440996007364475
-0.06541284219762383,-0.44378028813701675,-0.48365763645593207,-0.3202958699079952,-0.5393396987923005,-0.4619934440337996
-0.3961546173680735,-0.2596433574822465,-0.2705706846232555,-0.29351754908314565,-0.5374520572759038,-0.12938182559404374
0.6363954285202608,-0.5291417791690294,-0.588149163947215,0.46781071067565433,-0.5181561662194056,-0.20987525564289725
-0.2958962929798043,-0.467762802284106,-0.6107732106850053,0.16974740118675186,-0.5485681684280169,-0.3155450448700265
0.4079677477965149,-0.6227684304438242,-0.47765963336730854,-0.134907494966729,-0.5678640594845152,-0.13789214418951723
-0.6309868125046347,-0.3471727593976119,-0.6790662633958235,-0.1394392107986266,-0.5489876443205496,-0.4502917559650236
0.01673889206058732,-0.7581273662231587,-0.8109171032211785,-0.22265799243892834,-0.5991150134781917,-0.23576080803746247
-0.0656500464351355,0.6737777722313018,0.0907826944352192,-0.1808426145355094,-0.18991628031266936,-0.49000657607723325
1.9015637633283806,-0.5628798922912058,-0.5251175174544874,0.3532818923786054,-0.49948948900170625,0.034087210760676376
5.0790726609556485,-0.31478959057753086,-0.08936785447220907,2.773836107861738,-0.441182339939679,-0.21519420476506818
0.5707689228086966,-0.5360519951097161,-0.662229763497933,1.0552858721562002,-0.5311599188879154,-0.3694437293080253
0.7483558286257729,0.19602441131244983,0.2876645151161762,-0.45150964194975807,-0.10392372234349245,0.4340721847479308
-0.937770959686405,0.4133574773685583,-0.43441087425460234,-0.6035281094015964,-0.381616763200054,-0.5396501012174953
2.3966880750944233,-0.6598939043212393,-0.6778035259034818,-0.2788924661711124,-0.518365904165672,0.10429733917333274
-0.3835827927799546,-0.4563812701465043,-0.7631435347609142,0.6682361426954899,-0.5215119733596661,-0.21767638102208128
-0.7827184564329381,-0.7055555273018557,-0.8036563626402132,-0.5615067444149093,-0.5896768058962089,-0.43078894251706346
0.2295110931085625,-0.5100370645094837,-0.5758374733968825,-0.5141297152632525,-0.4040587234505465,-0.42440620357045833
-0.2029122318752265,-0.6441765504169322,-0.7067412601029811,-0.5429679069207828,-0.5506655478906798,-0.4002936342166168
-0.3646855218581909,-0.5303612290409153,-0.6079320513272363,-0.48446757527264983,-0.5945007786603335,-0.35029551246820995
-0.45071159199575944,-0.6107094261551749,-0.5640519234683592,-0.39177338780201676,-0.5626206108278581,-0.4251153967867478
-0.5831506246064463,0.37704497007240056,-0.09694427942625979,0.30961263072577383,-0.09112970762124906,0.006074078717242778
-0.7047573303707666,0.3094332493978381,0.03480133227473332,-0.4966208131854662,-0.4531374028768572,-0.5279484131487192
0.12150409696157843,-0.20856195729324842,-0.3069796156524437,-0.6008502773191114,-0.5521337135145439,0.6191716141994794
-0.5229007482784801,-0.11073497868195768,-0.48492037394827386,-0.4628389315295021,-0.47075539036322517,-0.21129364207547616
0.4445762684524839,-0.20544558539842891,-0.0680065452267605,-0.16333371245772313,-0.40301003371921507,0.38691083586468183
1.4531686863521385,1.0102104424415994,-0.29066925637636226,-0.5666564214966112,-0.5936618268752683,-0.0265488092320723
1.9795248893905522,0.18369441816338133,0.03174971666824067,-0.015846960837782444,-0.6001637032095232,-0.5396501012174953
-0.12613712700061339,-0.5691126360808448,-0.7213679693892735,1.102662901307857,-0.520673021574601,-0.42795216965190563
0.5397742357738373,-0.28714872681478393,-0.627504482458534,-0.6084717994000302,-0.4961336818614457,-0.46943997280483896
0.7937409060696738,0.35062355618153945,2.8243989091064643,-0.6241268177284037,2.0364520193039475,1.0301490830392204
-0.33456058369420777,-0.5230445298095999,-0.6076163669541508,-0.4420342361194267,-0.58904759205741,-0.35632365480667033
-0.2211769581636257,-0.32833903359848526,-0.5518454610423885,-0.3678788861429202,-0.3774220042747283,-0.354196075157802
-0.4804411897638898,-0.7062329994529034,-0.7796643502857193,0.20188138617657134,-0.5450026233414901,-0.38681896310711705
1.56647324380355,-0.5911982282050006,-0.6629663603684658,-0.46798860861120395,-0.5806580742067586,-0.03009477531351959
0.33403909377204194,-0.5380844115628594,-0.6509703541912188,-0.45707129319799605,-0.5687030112695803,-0.16235931015150354
-0.8469217367194323,-0.3344362829579148,-0.6239267262302323,-0.5233991340103158,-0.5508752858369461,0.08834049180681992
0.5408021208030546,-0.5995988828779922,-0.5068078238155315,-0.014611038338174004,-0.5305307050491165,-0.47546811514329934
-0.6750277326026363,0.46796173274300457,-0.5875177952010441,-0.4723143373598335,-0.5410176023624307,0.03621479040954475
-0.8996601455261953,-0.7779095530337521,-0.8222817406522546,-0.6173292439805573,-0.6028902965109848,-0.5378771181767716
-0.7915740813000407,0.6630737122447479,1.2110413063911079,-0.5847832848242017,1.8237777417899346,0.22273260629367225
-0.646009747547041,-0.06846071645657997,0.7264657937049471,-0.5674803698296835,0.799627350171664,0.5876125160745985
0.4564364803280678,-0.60027635502904,-0.5763636140186916,0.06304609205388974,-0.43426098771289157,-0.39249250883743275
-0.722626716263313,0.10483665978142674,0.17538610642211894,-0.4412102877863544,0.2354322747153569,0.05571760385750485
-0.9207713226647347,0.25848734363904957,0.708261328190353,-0.5507954160849695,1.0896949298579364,-0.4332711187740766
-0.8124480542010684,-0.2906715820002321,0.5125370168773761,-0.4630449186127702,0.3235222121471967,0.22415099272625116
0.03429200563645149,-0.7121947543821233,-0.8069184344954295,-0.4078403802969265,-0.60372924829605,0.2511003349452506
0.25117574680129573,-0.5111210199511601,-0.43577883987130595,-0.08382269831624672,-0.5556992586010707,-0.32440996007364475
-0.5115149448779196,1.3454236627800111,1.9907817079121612,-0.14520684913013265,2.2745045883161814,-0.3825638038093803
-0.5357888451832813,0.24480240618788565,0.06658022583200163,-0.10957108372475592,0.16621875244748283,-0.45631989830348396
0.28580756547800074,0.9290492787460826,1.2529220998871105,0.2787145682355628,0.8864588599259061,0.302871439734381
-0.5675742130098461,0.12529631874306787,0.12824390670802555,-0.4282331015404658,0.43866834464738724,0.7489539727804502
-0.7174872911172266,-0.3524570421757841,-0.49281248327541,-0.549353506502093,-0.2519987124074898,-0.2949784415976322
-0.4895340188685041,-0.6857733404912623,-0.7521998098272854,-0.3458382682332363,-0.5877891643798123,-0.3885919461478407
-0.520765910140875,-0.688212240235034,-0.6099313856901107,-0.1386152624655543,-0.5898865438424752,-0.27476643493338265
-0.9282827901859378,0.39005243537251677,0.57651571648936,-0.40289669029849273,0.8669532309231416,-0.426179186611182
-0.9330268749361714,2.7187952073839488,1.2485025186639143,-0.4986806840181469,1.235672540459271,1.6755149098626272
-0.8733304751623991,-0.042987763577185714,-0.14892697286099668,-0.5641845764973943,-0.008702694738598995,-0.29001408908360604
-0.9081994980766157,0.2548289940233919,1.2473450092959344,-0.43976837820347786,1.458623977340332,-0.2868227196103035
-0.9262270201275032,-0.621684475002148,-0.28519739390954785,-0.11472076080645777,-0.5722685563561072,-0.02938558209723013
-0.7635839812736628,0.2775920582985953,0.4127807549823749,-0.6220669468957231,0.27570196039848366,0.061036552979675786
2.6598266425740444,0.1574084987027298,-0.14892697286099668,0.8849345542935033,-0.28303992845489995,-0.4591566711686418
0.059989131366883275,0.20781242674068015,-0.3596989059577133,-0.27188890533999793,-0.6001637032095232,0.39222978498685274
-0.07893348373578947,0.17326134703724644,-0.3163449187206453,-0.39548115530084205,-0.5791899085828947,-0.4006482308247615
-0.6992225648288274,-0.12306497183102619,-0.5736276827852844,0.2894258965655026,-0.5471000028041529,0.226987765591409
0.028124695461147865,0.03248263404953027,0.09846434751363174,-0.5499714677518972,-0.3145006203948427,0.4500290321144436
7.918723656287116,3.228931737122882,1.0729820072284058,2.8164754340982294,0.4334248959907301,2.4910871085955044
-0.8939672438259151,0.3708122262827615,0.27009141834775297,-0.5415259973379063,0.8443015327263828,-0.4853968201713518
1.9645810224273164,5.16961846101418,1.285753274687997,6.892753824890138,-0.5542310929772066,16.45971129324082
-0.9229852288815104,-0.6609778597629157,-0.341073527945672,-0.6175352310638254,-0.5343059880819095,-0.5368133283523374
-0.3028542839468135,0.08830633929586237,-0.7168431600417154,-0.18352044661799435,-0.5921936612514043,-0.4531285288301814
-0.7109246405460702,-0.7147691485561046,-0.7468331754848329,0.08199690371455251,-0.4053171511281442,-0.28292215692071143
-0.7560725137524597,0.2988646838414937,0.19653695941884386,0.6585547497818904,0.12112509400023151,-0.5396501012174953
-0.3131331342389862,0.24968020567542923,0.39310309572671537,-0.06466589957231589,0.8300393523802754,-0.3974568613514589
-0.8828977127420368,0.7832572718406133,0.3757404552070158,-0.5761318273269426,0.2402562474794815,0.11741741367468772
0.3902564980623096,0.06147844211437268,-0.6282410793290667,0.8775190192958527,-0.5796093844754272,-0.5180197081206668
0.1283830198494171,-0.7453908897834616,-0.691377953946156,-0.44944977111707735,-0.5953397304453986,-0.5109277759577723
-0.5132544426196719,-0.5874043841591333,-0.5998294857513765,-0.5201033406780265,-0.5651374661830535,-0.39568387831073526
-0.9346082365195826,-0.31316365741501634,1.2985911058601385,-0.43523666237158026,0.5739493199891411,-0.3045525500175399
-0.38690365210511807,-0.6482413833232186,-0.5237495518377838,-0.46675268611159554,-0.5299014912103176,-0.13576456454064886
0.39713542095014825,-0.08905586984843065,-0.28635490327752783,0.9920478375929016,-0.5351449398669748,0.08160315625207007
1.4725403657489256,0.19141760068532532,-0.3213958686900124,3.221446039803262,-0.4443284091336733,0.47910595398231137
-0.7569422626233357,0.1762422245018564,0.25672744655380236,-0.40063083238254393,0.3004510380579053,-0.020166070285467175
-0.024850917583126887,-0.49350674402391936,-0.1186212730447938,0.0937381674608327,-0.480193597945208,-0.2935600551650533
-0.1842521651909745,-0.4764344458175168,-0.6144561950376688,-0.5256649919262646,-0.5200438077358022,-0.4176688680157085
-0.7063386919541778,1.0085845092790848,1.5969128384258857,0.17901681993381516,1.484421744731085,-0.2815037704881325
-0.5942992237694952,1.1656225538919465,1.7632785030419158,0.09826988329273033,2.3812612029657205,0.05536300724936012
1.0439123085653237,0.7710627731217544,0.16191690650380655,0.4105463015271299,-0.5447928853952239,1.8896912611820436
-0.9027438006138472,-0.6925480620017395,-0.60351247010404,-0.5361703331729363,-0.4042684613968128,-0.5343311520953243
-0.7941833279126692,-0.6646362093785734,-0.28677581577497513,-0.34789813906591704,-0.6033097724035174,-0.06980959542572925
-0.861312127128474,0.8014135254886922,1.646264828751577,-0.4360606107046526,1.3388636100222833,-0.2889502992591718
-0.4449396222163086,-0.6796760911318328,-0.7367312755460985,-0.4519216161162942,-0.5439539336101588,-0.4396538577206817
-0.747928501597892,-0.14352463079266733,-0.19596394445072826,-0.02594032791791805,0.510608460216723,-0.49816229806456197
-0.8273128530851336,-0.2775286222699063,-0.22237620366554398,-0.24984828743031404,0.10476553419146127,-0.25490902487727785
-0.5100126513736789,0.9393468554420079,0.9276619674847385,-0.45480543528204725,2.000586830492413,-0.2581003943505804
0.5192165351894918,-0.5285998014481913,-0.6901152164538142,-0.2617955382598623,-0.5531824032458752,0.20393898606200161
0.009385560697725302,3.0526534834202654,3.340227174728084,0.34277655113193367,3.4666550748937457,0.47697837433344303
-0.37235512553773514,-0.6482413833232186,-0.6197176012557596,-0.36684895072657986,-0.5540213550309404,0.08869508841496465
-0.6865716721615379,0.10917248154813215,-0.11472783244340662,-0.359021441562393,0.22641354302590666,-0.10987901214608363
-0.7620816877694221,0.1022622656074454,0.35911441155784896,-0.44471206820191167,0.6450504837734118,-0.26022797399944875
-0.7269754606176938,0.6732357945104637,0.7983366026440671,-0.34975202281532974,0.617994288705061,0.3060628092076836
-0.748640114310427,1.463710300352943,3.00265535177538,-0.5959065873206777,2.186834126776874,-0.30171577715238207
0.47786392978328934,-0.5855074621361998,-0.6214012512455487,-0.11121898039090052,-0.5770925291202318,-0.1300910188103332
-0.9474172653452132,0.2313884575971408,0.7632956372315826,-0.36808487322618827,0.40175446610452104,1.7187756960562843
-0.6203126218166092,-0.7356352908083744,-0.6904309008268997,-0.15777206120948514,-0.5863209987559483,-0.4946163319831147
0.2178090173913197,-0.663552253936897,-0.6912727258217942,-0.269211073257513,-0.5926131371439368,-0.2751210315415274
-0.522189135565945,0.23125296316693125,0.2835606182660654,-0.6140334506482682,0.2696195599567614,-0.4559653016953392
-0.5502583036714936,-0.6342854570116355,-0.536166470512478,0.9113009009518168,-0.5506655478906798,-0.4077401629876561
-0.7282405498844227,-0.44296732155575946,-0.2826719189248643,0.5232212360747661,-0.4390849604770161,-0.05846250396509792
-0.3736992828836347,-0.6960709171871876,-0.6789610352714618,-0.47128440194349314,-0.5896768058962089,-0.307034726274553
0.053742753112409086,-0.345953309525726,-0.39926468071775595,-0.49682680026873427,-0.4447478850262058,-0.2620009570401724
0.6943523305522808,0.016900774575432716,0.13266348793122182,-0.2704469957571214,-0.06575141612302855,0.009974641406834798
-0.6292473147628824,-0.48673202251344216,-0.6722264353123056,-0.1618918028748466,-0.5491973822668158,-0.2963968280302111
-0.8010622508005079,-0.7071814604643701,-0.7765075065548648,-0.4370905461209929,0.39441363798520107,-0.4687307795885495
-0.26442719746992166,-0.41329404133986936,-0.5735224546609226,0.7772033097443009,-0.4588003274260469,-0.19320921506009497
-0.07339871819385031,0.026114395829681704,-0.24584207539822883,1.0812402446479774,-0.4040587234505465,0.21705906056335658
-0.7635049131944922,0.6614477790822333,-0.4338847336327933,-0.33636286240290497,-0.27590883828184626,-0.36696155305101225
1.103924980655778,-0.5441816609222888,-0.4328324523891751,-0.5013585161006319,-0.5447928853952239,-0.24498031984922541
-0.8726188624498641,-0.11005750653090997,-0.4877615333060429,-0.43976837820347786,-0.5185756421119382,-0.5382317147849164
0.284858748527954,-0.4191203018388797,-0.4333585930109842,0.24472669949633064,-0.5361936295983062,0.3681172156330112
-0.8035133612547952,0.07909271804161339,-0.5395337704920561,-0.3818860078051492,-0.34931711947504607,-0.4361078916392344
-0.2660876271325034,-0.674256313923451,-0.5160678987593713,-0.1565361387098767,-0.5173172144343405,-0.46092965420936544
0.5291000450858118,-0.26533412355104735,-0.7742977159432667,0.3217658686385902,-0.5984857996393929,-0.10987901214608363
-0.3666622238374549,-0.7210018923457436,-0.7751395409381612,-0.403720638631565,-0.5892573300036763,-0.464121023682668
2.806339793277091,-0.4375475443473777,-0.43904091172652226,0.447212002348847,-0.4306954426263647,0.2581922671081452
0.7982477865823958,-0.3009691586961574,-0.09578677005827982,1.7200061898622736,-0.532418346565513,0.36847181224115594
1.0222476548725903,-0.5413362778878884,-0.5762583858943298,-0.17631089870361177,-0.5179464282731393,-0.16945124231439812
0.4922543201923312,-0.6960709171871876,-0.5300632392994927,0.14008526119614925,-0.4814520256228057,-0.3357570515342761
-0.06248732326831313,-0.3008336642659479,-0.2980352250816894,-0.5172195215122736,-0.2515792365149572,0.3096087752891309
-0.4584602637544743,0.26810744818392723,0.30155462753193585,-0.3890955557195318,0.054847902980085406,0.15784142700318682
-0.7067340323500306,0.04847097681425646,0.6276565849292023,-0.5854012460740059,1.2692306118618766,0.4464830660329963
-0.24632060733986358,-0.4563812701465043,-0.649707616698877,-0.2667392282582961,-0.5141711452403462,-0.32440996007364475
0.12403427549503633,-0.7384806738427748,-0.7852414408768955,-0.204943103277874,-0.5951299924991322,-0.307034726274553
0.2902353779115521,-0.0700866496190945,-0.583519126475295,-0.5176314956788097,-0.4864857363331966,-0.33788463118314443
-0.3131331342389862,-0.2711603840500577,-0.6188757762608651,0.6731798326939237,-0.41181902746239907,-0.4375262780718133
-0.6965342501370284,-0.5153213472876559,-0.6473925979629171,-0.27642062117189553,-0.5552797827085381,-0.2889502992591718
-0.4638368931380723,2.3490309073421036,2.6974937911261145,0.7568105885007615,3.2955089107404576,1.275175339267228
-0.4251726024236688,-0.5333421065055253,-0.33791668421481746,0.9498204855229465,-0.5613621831502603,0.059618166547096875
1.3857236148196515,0.2933094122029024,0.9486023642327398,-0.5437918552538551,-0.5282235876401873,-0.04747000911261132
-0.12819289705904793,1.649744153030647,-0.337074859219923,0.33247719696853,-0.2798938592609057,0.617044034550611
1.5508177641277794,-0.7191049703228101,-0.679381947768909,0.03503184872943173,-0.5810775500992912,-0.3226369770329211
-0.07181735661043913,-0.10680564020588092,-0.28435556891465336,-0.5394661265052255,-0.522141187198465,-0.4084493562039455
-0.2787385197997929,-0.5237220019606477,-0.6385534355165245,0.3979810894477774,0.14922997879991373,-0.19072703880308187
3.4855345933521957,-0.16710066164912799,-0.6131934575453271,0.6900707735219057,-0.4512497613604607,0.6369014446067158
3.2579766614993257,-0.11344486728614857,-0.06474447337154422,-0.012345180422225195,-0.4015418680953511,-0.2506538655795411
-0.2219676389553313,-0.12347145512165482,-0.6097209294413871,-0.5654204989970028,-0.44076286404714643,-0.34639494977861796
-0.32752352464802803,-0.6349629291626833,-0.7215784256379971,0.7716416584960629,-0.5940813027678008,-0.43894466450439223
0.8900458264994151,-0.5994633884477827,-0.6602304291350586,-0.4304989594564146,-0.5143808831866125,-0.30845311270713194
-0.778606916316069,-0.6342854570116355,-0.13335321045544798,0.25790987282548733,0.0026231543597804025,-0.39497468509444583
-0.8640004418202731,0.5260888433028988,0.7885503870784183,-0.6202130631463103,0.6498744565375364,-0.09214918173884717
-0.48162721095144817,2.4024157128446637,0.6048220819426884,1.4590205553616244,-0.43027596673383217,0.7485993761723054
-0.9036135494847233,0.5374703754405006,1.49747226090397,-0.1752809632872714,0.41958219153715526,0.3681172156330112
0.7031288873402128,-0.6197875529792143,-0.5656303453337864,0.18602038076492966,-0.44978159573659665,0.7457626033071476
-0.007297804007262717,0.3057748997821804,1.2517645905191306,-0.41257808321209216,0.7325112073664527,-0.2932054585569086
0.25441753804728867,-0.7504041837012146,-0.7169483881660772,-0.11451477372318969,-0.5345157260281759,-0.46837618298040473
-0.5756391570852432,-0.6455314947190277,-0.7341005724370532,0.5001506827487419,-0.5630400867203906,-0.5208564809858247
-0.7841416818580081,-0.10694113463609047,-0.6722264353123056,-0.4020727419654204,-0.573526984033705,0.008910851582400611
-0.9081994980766157,0.3423583959387573,-0.1138860074485121,-0.523811108176852,-0.5848528331320844,-0.17193341857141123
1.9622089800521996,-0.3727812067072157,-0.6795924040176327,0.3563716986276265,-0.560313493418929,0.10607032221405638
-0.8781536279918032,-0.5546147320484237,-0.6429730167397208,-0.4795238852742161,-0.4451673609187384,-0.13186400185105684
-0.8950741969343029,-0.5672157140579113,-0.8132321219571385,-0.4552174094485834,-0.5842236192932855,-0.4063217765550772
1.2572379861674927,-0.2773931278396968,-0.10388933563413962,0.28983787073203876,-0.47788648053627886,0.3468414191443274
-0.23240462540584514,-0.6730368640515652,-0.7648271847507033,2.852317186586874,-0.47411119750348574,-0.49142496250981216
-0.024297441028932974,-0.4714211518997637,-0.5691028734377264,0.5712162264762273,-0.5468902648578867,-0.04108727016600619
0.42378136363062674,0.05470372060389548,0.18338344387361694,-0.3664369765600437,0.1548929033491034,0.06954687157514929
-0.6826973362821805,-0.3945958099709523,-0.5808884233662497,-0.4315288948727549,-0.5693322251083792,-0.14923923565014857
0.018794662119021862,0.1777326632341614,-0.1806006382939032,-0.4076343932136584,-0.116088523226937,0.1964924572909623
2.930476677574869,-0.24812633091443526,-0.3892680089033835,0.5969646118847365,-0.386021260071646,-0.042860253206729836
1.088506705217519,-0.29582037034819475,-0.6248737793494886,1.4895066436852993,-0.5385007470072353,-0.04995218536962442
4.502982636118953,-0.18769581504097865,0.49012342638830936,1.1576614525404327,-0.4468452644888687,0.3124455481542887
2.233965968161412,-0.6986453113611689,-0.4578767459872872,-0.41813973446033015,-0.5129127175627485,-0.5343311520953243
-0.3835827927799546,-0.48090576201443175,-0.7060046632324484,-0.2992851874146517,-0.3472197400123832,-0.49532552519940415
0.26517079681448474,-0.5005524543948157,-0.5391128579946088,1.0905096633950409,-0.5233996148760628,-0.1765431744772927
0.3368064765430115,-0.7048780551508079,-0.7003223445169103,-0.45810122861433644,-0.511025076046352,-0.4492279661405894
2.4341663446212682,-0.7466103396553475,-0.7871355471154082,-0.3468682036495767,-0.5976468478543278,-0.5329127656627455
-0.7347241323764085,-0.4926937774426621,-0.5586852891259065,-0.5293727594250899,-0.40196134398788363,-0.0010178534456518034
-0.472692518005175,-0.33091342777246663,-0.49354908014594273,-0.11636865747260236,-0.5598940175263963,-0.29746061785464534
-0.7244452820842359,-0.3672259350686244,-0.38116544332752367,0.1578001503572036,-0.4313246564651636,-0.16484148640851665
-0.6328844464047282,0.7190329119212895,0.47539148897765515,-0.44697792611786047,0.6440017940420804,-0.2779578044066852
0.7331747574250255,-0.512611458683465,-0.14745377911993127,-0.4455360165349839,-0.43426098771289157,0.11670822045839825
-0.348871906024079,-0.5283288125877722,-0.2859339907800806,-0.5468816615028762,-0.1412570767788912,-0.4506463525731683
0.5603319363581827,-0.6086770097020318,-0.45335193663972917,-0.005547606674378766,-0.45544452028578636,-0.22228613692796276
-0.30917973028045825,-0.3519150644549459,-0.10157431689817968,-0.3330670690706158,0.17418879440560164,-0.35242309211707834
-0.4144984117356433,-0.1675071449397566,0.21190026557566893,-0.4403863394532821,0.3474323380215532,-0.17299720839584543
-0.9137342636185549,-0.666262142541088,-0.6199280575044832,-0.5783976852428914,-0.5435344577176261,-0.44887336953244467
0.35167127542707666,0.06052998110290587,-0.16744712274867624,-0.4630449186127702,-0.04603604917399775,0.17025230828825236
-0.5311238285122183,1.0188820859750103,1.3098505151668527,-0.2601476415937177,1.2312680435876788,-0.4797232744410361
-0.7206500142840491,-0.066970277724275,0.19295920319054213,-0.557798976916084,0.7035673707817054,-0.3439127735216048
-0.7433425530059995,-0.28565828808247895,0.6185017381097243,-0.5314326302577707,1.5074929188203765,-0.5197926911613905
-0.9361105300238232,0.22542670266792086,1.7701183311254338,-0.5056842448492614,1.8669837587207891,0.3138639345868676
-0.9296269475318374,0.9678006857860122,0.0947813631609682,-0.468194595694472,0.21550716982005982,-0.46589400672339165
-0.4374281546951055,0.958045086810925,1.4330726487945389,-0.25376204201240743,0.9808409357457345,0.006428675325387508
0.4211721170179983,-0.4636979693778197,-0.5376396642535435,-0.3960991165506463,-0.5307404429953827,-0.21271202850805507
-0.39639182160558517,-0.6471574278815422,-0.5202770237338439,-0.5470876485861442,-0.5504558099444136,-0.3080985160989872
-0.8762559940917097,2.0132757092828535,0.5909319695269287,-0.331007198237935,0.8315075180041394,-0.25490902487727785
-0.3926756218845689,-0.5832040568226374,-0.5836243545996569,1.956273374370754,-0.5416468162012296,-0.1446294797442671
1.3943420354492424,-0.46898225215599193,0.03459087602600969,-0.005341619591110692,-0.5265456840700571,-0.4992260878889962
-0.779872005582798,-0.2790190610022113,1.180735606574905,-0.37035073114213707,2.986355177943953,-0.49036117268537793
-0.17523840416553074,-0.6600293987514488,-0.5836243545996569,0.2832462840674604,-0.5659764179681186,-0.43539869842294493
-0.10937469421645482,-0.5421492444691456,-0.032018526695019575,-0.3272994307391097,-0.42461304218464246,-0.10349627319947852
-0.831898801677026,1.2446158067041104,0.41804216120046567,-0.4964148261021981,0.2117318867872667,0.7032110103297802
-0.3853222905217069,-0.5990569051571542,-0.6050908919694672,-0.08093887915049369,-0.5869502125947471,-0.1651960830166614
-0.8553820211906821,-0.3669549462082053,-0.19333324134168287,-0.4313229077894869,-0.4321636082502287,0.03976075649099204
-0.015837156557683123,-0.4177653575367843,-0.46229632721048347,-0.19587967161407877,-0.4562834720708515,-0.5226294640265483
-0.17721510614479472,2.6116191130882,1.0200522606744127,-0.40042484529927586,1.9980699751372175,0.035505597193255294
-0.808573718321711,-0.28457433264080256,-0.5967778701448838,-0.5269009144258731,-0.5466805269116204,-0.24498031984922541
-0.22497222596381256,-0.5283288125877722,-0.2929842751123222,-0.07372933123611113,-0.5565382103861358,-0.146047866176846
0.3068396745373695,-0.6887542179558722,-0.4878667614304047,0.12999189411601367,-0.2960436811234097,-0.4595112677767865
0.10750904694838943,-0.6574550045774675,0.3832116520367047,-0.4443000940353755,-0.25220845035375605,-0.3375300345749997
1.1051110018433365,-0.2993432255336429,-0.5774158952623097,-0.1447948749635965,-0.5749951496575689,-0.1534943949478853
1.6380298554529062,1.4887767699417087,0.5971404288642758,11.905449496218708,-0.3375717944841341,1.448218484041856
-0.5998339893114344,-0.5672157140579113,-0.6861165477280653,0.08776454204605857,-0.5231898769297965,-0.24498031984922541
-0.9059855918598401,-0.663552253936897,-0.6615983947517622,-0.5474996227526804,-0.5859015228634157,-0.3556144615903809
0.39001929382479794,-0.4860545503623944,-0.4800798802276303,0.9840143413454467,-0.560313493418929,0.003237305852084946
-0.5445654019712134,-0.5840170234038947,-0.3544374997396225,0.42331750068975044,-0.5011673925718365,-0.2786669976229747
-0.17476399569050738,-0.5433686943410315,-0.2990875063253075,0.10259561204135986,-0.5661861559143849,-0.17086962874697703
-0.06145943823909586,1.2309308692529466,1.987519636056945,-0.37859021447286,1.4103842496990864,-0.14994842886643803
0.8160381043957716,-0.3496116591413837,-0.6844328977382762,-0.17795879536975637,-0.56702510769945,0.3819464833506556
-0.27162239267444255,-0.11059948425174815,6.244944319611641,-0.6057939673175452,7.3870767665031485,-0.10987901214608363
0.3813218051160364,-0.6596229154608203,-0.5480572485653632,1.7482264202699997,-0.5347254639744422,0.6954098849505962
1.1924812293268046,0.1383037840431841,0.2987134681741668,-0.3516059065647424,0.25787423496584944,0.21776825377964604
0.15574057524243062,-0.5806296626486561,-0.6967445882886086,-0.498886671101415,-0.5737367219799712,-0.2648377299053303
-0.20947488244638293,-0.6028507492030213,-0.5619473609811229,1.0501361950744983,-0.5116542898851508,-0.23292403517230464
-0.9486032865327716,-0.7402421014354988,-0.09789133254551613,2.580826210839553,-0.6012123929408546,-0.3456857565623285
-0.7419193275809295,-0.6243943636063388,-0.2756216345926227,1.3414019308155545,-0.48417861892426745,0.14791272197513441
-0.9187155526063001,-0.23999666510186263,0.18085796888893335,-0.5528552869176503,0.9206461451673106,-0.0545619412755059
-0.7654025470945856,-0.004507345397675229,0.34585566788826017,-0.4747861823590504,0.47830881649171514,0.2245055893343959
-0.9286781305817906,-0.005184817548722949,-0.21343181309478965,-0.5608887831651052,0.35938740095873145,-0.06980959542572925
-0.8152945050512086,0.15822146528398706,1.9324853270157154,-0.3328610819873477,2.6400778286583164,-0.5275938165405745
-0.7082363258542712,-0.6265622744896915,-0.6511808104399425,-0.17260313120478646,-0.5588453277950649,-0.4063217765550772
-0.8541169319239532,-0.43280523929004366,0.04037842286590954,-0.5499714677518972,0.20166446536648502,-0.4332711187740766
-0.7297428433886634,0.15483410452874846,0.7986522870171526,-0.07805505998474067,0.7799119832226332,-0.14533867296055655
1.2160435169196313,0.18803023993008672,0.4587654453284883,-0.054160558325644134,0.3648405875616549,-0.17831615751801635
-0.6777951153736058,-0.4628850027965624,-0.6232953574840613,-0.35654959656317614,-0.3560287337555672,-0.30490714662568463
-0.47593430925116786,1.198412206002656,1.3226883463389942,-0.2197741732731753,1.9582197653466233,-0.38291840041752506
-0.6704417840107438,-0.6364533678949882,-0.6265574293392776,-0.2628254736762027,-0.5680737974307815,-0.18789026593792404
-0.8531681149739064,0.5755443103293825,1.5092578108324932,-0.27415476325594673,2.046309702778463,0.5716556687080857
-0.9007670986345832,-0.6355049068835215,-0.6753832790431601,-0.4618089961131618,-0.5854820469708831,-0.4715675524537073
-0.9395895255073278,0.0633753641373063,1.3944539271537524,-0.585813220240542,1.216586387349039,-0.14675705939313546
0.16119627270519923,0.21634857584388142,-0.5685767328159173,0.6826552385242551,-0.3247777797618907,0.28939676862488134
-0.933817555727877,-0.6868572959329385,-0.6249790074738504,-0.5823114398249848,-0.5657666800218524,-0.4956801218075489
0.8448979532930257,-0.7672054930471981,-0.8137582625789476,0.017522946651645475,-0.6024708206184523,-0.34639494977861796
-0.9459149718409725,-0.6126063481781086,1.5069427920965333,-0.6045580448179367,0.8107434613237771,-0.5017082641460093
-0.8888278186798287,1.7435062987356513,-0.6620193072492094,0.6266267518753391,-0.49193892293611996,0.9131322023514598
-0.885902299750518,0.011074514076422326,-0.6147718794107543,-0.5627426669145178,-0.5556992586010707,-0.2655469231216197
0.6124378005315814,-0.3962217431334668,-0.6256103762200212,-0.09700587164540343,-0.5062011032822273,-0.36235179714513077
-0.5745322039768553,-0.7031166275580839,-0.7457808942412146,-0.3843578528043661,-0.5710101286785095,-0.3971022647433142
-0.7811370948495269,-0.5684351639297972,-0.5785734046302897,-0.5174255085955416,-0.5668153697531838,-0.2882411060428824
-0.5829924884481053,-0.6502737997763617,-0.3696955777720858,-0.5934347423214608,-0.32435830386935816,-0.42937055608448454
-0.7420774637392706,-0.6670751091223451,-0.6763303321624164,-0.4055745223809777,-0.49655315775397824,-0.3747626784301963
-0.5778530633020189,0.04494812162880831,0.007757704313746713,-0.2992851874146517,0.34260836525742866,0.5603085772474543
-0.19287058582056546,-0.4849705949207181,-0.6615983947517622,-0.3911554265522125,-0.5577966380637335,-0.3822092072012356
-0.6739207794942484,-0.6642297260879447,-0.7805061752806138,-0.33265509490407963,-0.551504499675745,-0.4194418510564321
0.8171450575041594,-0.6233104081646624,-0.583519126475295,-0.2113287028591843,-0.583174929561954,-0.34284898369717065
-0.45774865104193924,-0.7397001237146608,-0.7648271847507033,-0.4084583415467307,-0.5957592063379311,-0.43575329503108967
2.1885018226383406,-0.25097171394883566,-0.3152926374770271,-0.35181189364801047,-0.4946655162375817,0.25180952816154006
0.6408232409538122,-0.5296837568898676,-0.6326606605522629,1.04890027257489,-0.45418609260818865,-0.2605825706075935
-0.6417400712718309,-0.2703474174688005,-0.664018641612084,-0.4523335902828304,-0.5210924974671336,1.1716331296889673
0.24318987080506926,0.062426903125839484,-0.05822032966111166,-0.32297370199048014,-0.20250055708864648,0.5631453501126122
-0.4477070049872782,-0.47968631214254587,-0.6611774822543149,-0.325445546989697,-0.5391299608460342,-0.29746061785464534
-0.4870038403350462,-0.5888948228914384,-0.7144229131813936,-0.5098039865146229,-0.5045231997120971,-0.5158921284717984
-0.7008829944914092,0.3839551860130873,0.5929313038898032,0.5291948614895403,0.3742787951436377,-0.0350591278275458
2.1184475044932247,-0.3580123138143754,-0.5580539203797357,-0.41978763112647477,-0.5842236192932855,-0.10030490372617595
-0.6938459354452294,-0.33904309358503926,-0.6365541011536501,-0.5746899177440661,-0.5900962817887414,-0.14569326956870127
-0.6287729062878591,-0.08566850909319206,0.25672744655380236,-0.6059999544008132,-0.433841511820359,-0.477241098184023
1.285386222352212,-0.6574550045774675,-0.6108784388093671,0.16665759493773075,-0.47851569437507774,-0.4449728068428526
0.4561992760905561,-0.16330681760326074,-0.6665441165967676,1.4120555003765036,-0.5527629273533426,-0.3520684955089336
1.7753711089721678,0.22203934191268226,0.05447899153039283,-0.10957108372475592,-0.24549683607323494,0.4851340963207718
-0.8048575186006947,-0.6005473438894591,-0.4736609646415596,0.19240598034623996,-0.5210924974671336,-0.4127045155016823
-0.1041562009911979,2.1762755088249346,0.7838151214821366,0.11598477245378465,-0.5452123612877564,1.2748207426590834
-0.028883389620825414,-0.6604358820420775,-0.666859800969853,-0.10071363914422876,-0.5640887764517221,-0.16200471354335882
-0.8534843872905887,-0.2948719093367279,-0.5360612423881163,-0.23213339826925972,-0.5303209671028501,-0.19781897096597645
0.7051055893194769,-0.5257544184137908,-0.6711741540686874,-0.2290435920202386,-0.5559089965473369,-0.19994655061484481
-0.17515933608636017,-0.6704624698775837,-0.7133706319377755,-0.2873379365851034,-0.5624108728815918,-0.3967476681351695
-0.20678656775458393,-0.5780552684746748,-0.6870636008473215,-0.010903270839348679,-0.556747948332402,-0.29816981107093476
-0.6838042893905684,-0.6253428246178057,-0.6969550445373323,0.500562656915278,-0.5391299608460342,-0.1861172828972004
-0.7395472852058127,-0.4112616248867262,-0.5933053420409439,-0.4459479907015201,-0.5844333572395517,0.10713411203849058
-0.9078832257599335,-0.21899502841938331,-0.4578767459872872,-0.49703278735200235,-0.578770432690362,-0.3088077093152767
0.9196963561883749,0.12651576861495378,-0.43241153989172787,1.1428303825451316,-0.523609352822329,-0.25029926897139637
0.02978512512372961,-0.6681590645640215,-0.4995470832345662,-0.344808332816896,-0.5731075081411724,-0.3804362241605119
-0.18962879457457255,-0.6070510765395172,-0.7037948726208503,-0.03109000499961989,-0.42796884932490303,-0.43788087467995807
-0.5918481133152078,0.8393519659473645,0.1466588284713433,-0.08814842706487627,0.10413632035266242,0.244008402782356
-0.03679019753788135,-0.5596280259661768,-0.6864322321011507,0.7757614001614244,-0.5909352335738066,-0.2772486111903958
-0.04414352890074336,-0.6455314947190277,-0.7754552253112467,0.4774921035892538,-0.5888378541111438,-0.4531285288301814
-0.18883811378286694,-0.7071814604643701,-0.7383096974115257,-0.30299295491347705,-0.5059913653359611,-0.4077401629876561
-0.5973038107779765,-0.6626037929254303,-0.7064255757298956,0.10383153454096831,-0.5722685563561072,-0.18115293038317418
1.1992020160563022,-0.4058418476783444,-0.6127725450478798,2.090988926828074,-0.5850625710783506,0.13372885764934525
1.149547262337191,-0.14135671990931462,-0.3009816125638202,-0.5874611169066867,-0.6022610826721859,-0.4201510442727216
1.075776744471059,0.7058899521909637,-0.3522277091280244,-0.6066179156506175,-0.4718040800945566,-0.4385900678962475
0.48015690407923556,-0.16032594013865079,-0.47429233338773047,0.25790987282548733,-0.4126579792474642,-0.28717731621844816
-0.4045358337601528,-0.643634572696094,-0.7138967725595845,-0.20659099994401858,-0.4799838599989417,-0.4066763731632219
1.033079981718957,-0.10653465134546182,-0.30782144064733824,1.3871310633010667,-0.37532462481206547,-0.20030114722298956
-0.36674129191662547,0.9549287149161055,1.1292790537619772,-0.04489113957858082,1.049005768282277,-0.3446219667378943
-0.2959753610589748,-0.2596433574822465,-0.1625014009036709,-0.2937235361664137,-0.031773868827890364,-0.4187326578401427
-0.26031565735305257,-0.2929749873137943,-0.19480643508274828,-0.148914616628958,-0.15908480221152546,1.280848884997544
-0.4243819216319632,-0.501365420976073,-0.35654206222685886,-0.34666221656630863,-0.21424588207955844,0.13018289156789797
-0.7807417544536741,-0.339720565736087,-0.4914445176587064,-0.3165881024091699,-0.5550700447622718,1.007100303509813
-0.941170887090739,-0.2969043257898711,0.4681307483966899,-0.6125915410653916,0.018563238276018076,-0.5187289013369563
-0.5548442522633861,-0.12699431030710295,-0.1387198447979006,3.04738695444174,-0.4130774551399968,0.3227288497904859
-0.4768831262012146,-0.5157278305782845,-0.4771334927454995,0.537022370653727,-0.3663058931226152,-0.43788087467995807
-0.32878861391475694,0.03383757835162571,0.06321292585242352,-0.2844541174193504,0.13811386764780062,0.12380015262129283
-0.6018106912906983,0.6969473197971339,0.311130386848861,-0.45810122861433644,0.8067584403447177,-0.1885994591542135
-0.5483606697714002,-0.040277874972994836,0.32659892113004796,-0.557798976916084,0.12657828060315493,-0.16377769658408245
-0.8966555585177141,0.36552794350458934,1.1228601381759065,-0.605381993151009,0.8092752956999131,-0.2655469231216197
-0.248218241239957,-0.27278631721257224,-0.6027758732335073,-0.5023884515169723,-0.2729725070341183,-0.0013724500537965324
-0.5965131299862708,-0.07184807721181857,0.5551544072439114,-0.627628598143961,0.8256348555086833,-0.046760815896321854
0.4002981441169706,-0.12862024346961748,0.11593221615769313,-0.42040559237627895,0.11189662436451496,0.09188645788826721
1.1385567993324832,-0.598785916296735,-0.3976862588523287,-0.4618089961131618,-0.4055268890744105,-0.10881522232164945
0.43999031986059145,-0.28592927694289805,-0.3466506185368482,-0.4146379540447729,-0.2262009450167367,-0.30384335680125046
0.3937354935458142,-0.3945958099709523,0.45045242350390485,-0.45274556444936653,0.06952955921872536,-0.4524193356138919
-0.059878076655684676,-0.45909115875069517,-0.5638414672196356,2.5287114787727307,-0.5817067639380901,0.12805531191902958
0.08963966105584302,0.4811046924733303,0.6697478346739285,0.014227153319356298,0.46090056695161347,0.13089208478418743
1.5032187804671027,1.4756338102113828,-0.26541450652952653,2.473918914623423,-0.5122835037239496,-0.12831803576960954
-0.707920053537589,0.02354000165570037,-0.3200279030733088,-0.1800186662024371,-0.42608120780850645,-0.4283067662600504
-0.2683015333492791,-0.5482464938285752,-0.45998130847452356,-0.6230968823120634,-0.5867404746484809,0.346132225928038
-0.703966649579061,-0.21222030690890611,0.897777180165983,-0.5143357023465205,-0.5538116170846741,0.19684705389910703
-0.2741525712079005,-0.039329413961528024,-0.29372087198285496,2.1451635297275775,-0.31554931012617415,-0.009528172041125302
0.7208401370744182,-0.627917218791787,-0.33644349047375205,-0.577367749826551,-0.32582646949322214,-0.4006482308247615
-0.7921275578542346,-0.3493406702809646,-0.6795924040176327,-0.31535217990956144,-0.5296917532640513,-0.026903405840217026
0.37404754183234495,-0.25395259141344567,0.004495632458530431,-0.4910591619372282,-0.10706979153748673,-0.2435619334166465
1.3997186648328406,0.8474816317599372,0.849793155456995,2.0728620635004837,-0.5661861559143849,0.24081703330905344
2.1528421189324183,-0.5914692170654197,-0.7563037066773962,0.29622347031334906,-0.5848528331320844,0.291169751665605
0.2000977676571144,1.3131759883901397,2.345716171384565,-0.5427619198375147,2.508362398403089,0.12131797636427974
-0.13522995610522773,-0.5169472804501705,-0.601828820114251,-0.41896368279340246,-0.5691224871621129,0.21280390126561985
-0.7284777541219344,-0.5552922041994715,-0.5725754015416662,-0.6193891148132381,-0.5043134617658308,-0.5222748674184036
